customerID,churn_actual,churn_pred,churn_proba
4376-KFVRS,0,0,0.11772431560473275
2754-SDJRD,0,1,0.8518996272384226
9917-KWRBE,0,0,0.14625052344784567
0365-GXEZS,0,1,0.6602344068870676
9385-NXKDA,0,0,0.0604497235842369
4686-UXDML,0,1,0.8050805808422568
2227-JRSJX,0,1,0.6967576392344698
4830-FAXFM,0,0,0.29176099284064955
1830-IPXVJ,0,0,0.00896026425309917
4690-LLKUA,1,1,0.6522286531185391
5804-HYIEZ,0,1,0.5200020605687915
2388-LAESQ,0,0,0.1528512963624821
5533-RJFTJ,0,0,0.30891197909814294
4706-AXVKM,1,1,0.853126179562272
0997-YTLNY,0,0,0.29841773769343566
7971-HLVXI,0,0,0.14861291469603738
7337-CINUD,0,0,0.07885130220082505
1379-FRVEB,0,1,0.8198479103215587
4753-PADAS,0,0,0.3805582278253531
5701-GUXDC,0,0,0.20853882885194447
7235-NXZCP,1,1,0.8657674196929236
0668-OGMHD,0,1,0.5122911381341284
2812-REYAT,0,0,0.049107302121060306
8779-YIQQA,0,0,0.09573884023255687
9701-CDXHR,0,0,0.3985896754583961
7130-CTCUS,0,0,0.43210328748337
1894-IGFSG,1,1,0.7957082045455472
0871-URUWO,1,1,0.8542775695357665
0057-QBUQH,0,0,0.04903259041995921
9611-CTWIH,1,1,0.90253259413959
8058-DMYRU,0,1,0.7041284316401778
5351-QESIO,0,1,0.6689052427473594
4302-ZYFEL,0,0,0.01782269783267127
6134-KWTBV,0,0,0.014505374609783421
2034-GDRCN,1,1,0.9034221189711743
9544-PYPSJ,0,1,0.5018121344846227
4208-UFFGW,1,1,0.6236415197824563
9537-JALFH,0,0,0.0064018448721425165
4415-IJZTP,1,1,0.8873050274331084
4701-MLJPN,1,0,0.40336303240448196
7515-LODFU,0,0,0.009127969809597165
4927-WWOOZ,0,1,0.9010196461736492
4067-HLYQI,0,1,0.5993129322864426
6184-DYUOB,0,0,0.4516271062807713
9209-NWPGU,0,0,0.11869204156458646
9851-KIELU,1,1,0.7485258589970599
3199-XGZCY,0,1,0.8612417842198915
4226-KKDON,0,1,0.6227675908785058
1085-LDWAM,0,0,0.0175010940381183
6825-UYPFK,1,1,0.6522550937039996
1767-CJKBA,0,0,0.012959388864000965
7181-BQYBV,1,1,0.8681807442611269
0178-CIIKR,0,0,0.3645598113199965
4256-ZWTZI,0,0,0.48658317259855693
9537-VHDTA,0,0,0.4197577293872218
2754-XBHTB,1,1,0.8089209223983171
5975-BAICR,0,0,0.1598824385350447
3301-VKTGC,0,0,0.14186472460630578
2877-VDUER,0,0,0.1784695249475928
7717-BICXI,0,0,0.009807607212027999
0562-FGDCR,0,0,0.018833293680121075
3705-PSNGL,1,0,0.08575990996216937
0048-LUMLS,0,0,0.3983134495750174
6497-TILVL,0,0,0.37475334869522975
2108-YKQTY,1,1,0.5014222835300486
3658-KIBGF,1,1,0.6121536613327048
5482-NUPNA,1,0,0.4122735411657193
7410-KTVFV,1,1,0.5208703780095195
9033-EOXWV,1,0,0.4116507464994732
8821-XNHVZ,1,1,0.8132446984348821
8224-KDLKN,0,0,0.007616001123783808
4825-FUREZ,0,0,0.03684070985612966
7534-BFESC,1,1,0.8152232623878705
9138-EFSMO,0,0,0.42043894867249815
4227-OJHAL,0,0,0.07630242691526275
7279-NMVJC,0,0,0.12570691171079146
8591-TKMZH,0,0,0.14710970405829635
9283-LZQOH,1,1,0.7496792673648002
3594-IVHJZ,0,0,0.45331828134897784
1945-XISKS,0,0,0.009041579316034895
4359-INNWN,0,0,0.12576262918126727
7649-SIJJF,0,0,0.03521552711113283
9254-RBFON,1,0,0.45387434709939495
0970-ETWGE,1,1,0.9102364236203557
7762-ONLJY,0,0,0.16454061789712723
6710-HSJRD,0,1,0.6437813453251793
8873-GLDMH,0,1,0.8271574920773478
9907-SWKKF,1,1,0.738277421664594
4658-HCOHW,1,1,0.738083296215106
9330-VOFSZ,0,0,0.22118304142240416
2860-RANUS,1,1,0.8161241110345412
6234-PFPXL,0,1,0.5632060538693648
7205-BAIAD,0,0,0.03573725774365894
3858-VOBET,1,1,0.8026005114866565
5103-MHMHY,1,1,0.526335044179851
6119-SPUDB,0,0,0.045093549090003536
9389-ACWBI,0,1,0.6755135285247851
3454-JFUBC,0,0,0.013532094230687842
1768-ZAIFU,1,1,0.8477880990726248
7017-VFULY,0,0,0.3656109290555994
9221-OTIVJ,1,1,0.8960578323703385
2482-CZGBB,1,1,0.8274833640053603
7018-WBJNK,0,1,0.7523514866117216
3331-HQDTW,1,1,0.6749687132841656
4695-VADHF,1,1,0.5442167918337273
4086-WITJG,0,0,0.005791890783993769
6297-NOOPG,0,0,0.2531468833665713
8777-PVYGU,0,0,0.12608118425938242
4378-MYPGO,0,0,0.11811848243909706
9313-CDOGY,0,0,0.13199411750518794
4121-AGSIN,0,0,0.03754316434368101
0432-CAJZV,0,1,0.8241769147844137
9097-ZUBYC,0,0,0.3878867450176376
9638-JIQYA,0,1,0.761080014026677
1024-GUALD,1,1,0.8306997017831539
8024-XNAFQ,0,0,0.10671618359194905
7587-RZNME,1,1,0.737495735280568
1346-UFHAX,0,1,0.7042360852499381
6374-NTQLP,0,0,0.1040642158935461
6625-FLENO,0,0,0.01339831788766663
7375-WMVMT,0,0,0.11715909878781158
6910-HADCM,1,1,0.8023704737482714
7401-JIXNM,0,0,0.04275704337785381
7338-ERIVA,0,0,0.11165079305842457
5376-DEQCP,1,1,0.8583926604291658
0909-SELIE,0,0,0.04452597095136825
5419-KLXBN,1,1,0.6374470111249899
0365-TRTPY,0,0,0.41794433017128685
6712-OAWRH,1,1,0.847115552851411
2428-ZMCTB,0,0,0.2952915927887825
1963-VAUKV,1,0,0.3822949638935843
9381-NDKME,1,1,0.6525430028394252
3729-OWRVL,0,0,0.25996640550589184
0895-LMRSF,0,0,0.42035802542729533
2676-SSLTO,0,0,0.09327864500739352
8495-PRWFH,0,0,0.40482526702374605
9030-QGZNL,0,0,0.09781516382819942
9972-NKTFD,0,0,0.2380486864602886
7998-WNZEM,0,0,0.024038601622477628
0979-PHULV,1,1,0.5457077676481976
6445-TNRXS,0,0,0.12192304825128943
9586-JGQKH,0,0,0.20488024913505215
3966-HRMZA,0,1,0.7631113089448958
5498-IBWPI,0,0,0.04687858495055097
6823-SIDFQ,0,0,0.08772980394340708
2323-ARSVR,0,0,0.1577509254018838
5468-BPMMO,0,0,0.11916143090781071
0486-HECZI,1,1,0.5648971017587446
2178-PMGCJ,0,1,0.6951333418959287
4660-IRIBM,0,1,0.6418277275035404
9674-EHPPG,0,0,0.04238950429526831
5606-AMZBO,0,1,0.7333350613796403
0665-XHDJU,0,0,0.30727897924059977
5402-HTOTQ,0,1,0.5683493993912457
8258-GSTJK,1,1,0.8941666671619798
3787-TRIAL,0,1,0.6318718721366324
6175-IRFIT,0,1,0.7893082871715762
6317-YPKDH,1,1,0.6611454840532586
5692-FPTAH,1,1,0.6645845739337264
5373-SFODM,1,1,0.7507452021007047
0868-VJRDR,0,0,0.11973778576099778
4079-VTGLK,0,0,0.3136498916113738
1166-PQLGG,0,0,0.005560701765529076
5296-BFCYD,0,0,0.024880811316864197
6568-POCUI,0,0,0.2555110012234287
2839-RFSQE,1,0,0.370869741708359
2188-SXWVT,0,0,0.10747595872775721
8849-GYOKR,1,0,0.3029924774408899
3623-FQBOX,0,0,0.277473365507032
2649-HWLYB,0,0,0.03169371199188591
0599-XNYDO,0,1,0.7025100544027586
2514-GINMM,1,1,0.8884074341564612
8401-EMUWF,0,0,0.2797680577466616
5766-ZJYBB,1,0,0.39506387761525197
2604-IJPDU,0,1,0.638295794256792
2501-XWWTZ,0,1,0.7658101385614041
6370-ZVHDV,0,0,0.01476639360560689
3027-YNWZU,0,0,0.013026688896568536
4526-ZJJTM,0,1,0.6551047515793786
0440-QEXBZ,0,0,0.3440284111661456
0330-IVZHA,1,1,0.7968645645720279
9758-MFWGD,0,0,0.1155975412806608
4229-CZMLL,1,1,0.8739154812952324
0742-MOABM,1,0,0.48392888862169575
4277-BWBML,0,0,0.005518485125415656
5136-GFPMB,0,1,0.5228364188509858
7520-HQWJU,0,0,0.10664262412770191
6304-IJFSQ,1,1,0.6194141070991239
0297-RBCSG,0,0,0.281101835728144
6013-BHCAW,0,0,0.07775925402235977
4402-FTBXC,0,0,0.3555584020446068
1471-GIQKQ,0,1,0.6325080141557818
4283-FUTGF,1,1,0.8383810322167283
9548-LERKT,0,0,0.05572521598822376
8059-UDZFY,0,1,0.7375752424770653
0410-IPFTY,0,1,0.6647489963815874
2478-EEWWM,0,0,0.4827194738574878
4619-EVPHY,0,1,0.6857885508666985
2277-DJJDL,0,1,0.7069883449633307
2911-WDXMV,0,1,0.7064172285697825
3639-XJHKQ,0,0,0.3970801555015156
8173-RXAYP,0,0,0.04322410539629753
4537-CIBHB,0,0,0.1466148972717582
5442-BXVND,0,0,0.1403839960018696
2308-STERM,0,0,0.378565784374965
7159-NOKYQ,0,0,0.26682621910229914
6075-QMNRR,0,0,0.1621764545826181
3694-GLTJM,0,0,0.4126102221560138
9629-NHXFW,0,0,0.4173791919052275
7167-PCEYD,0,0,0.012664088729700264
2748-MYRVK,1,0,0.324685984529465
4223-WOZCM,0,1,0.6131176656305201
6946-LMSQS,1,1,0.6655025572560067
5469-NUJUR,0,0,0.090668902013744
6388-TABGU,0,0,0.033346086388755185
1261-FWTTE,0,1,0.6739335781983383
8590-YFFQO,0,0,0.012684007545539343
0082-OQIQY,0,1,0.7670915133606825
9465-RWMXL,1,1,0.7559785875565564
2930-UOTMB,1,0,0.2160119188427024
9128-CPXKI,0,0,0.2514144316410662
0484-FFVBJ,0,0,0.3462810923861794
1100-DDVRV,0,1,0.728806303684717
9313-QOLTZ,0,0,0.17838463531934132
3338-CVVEH,0,1,0.8735365228373976
1131-SUEKT,0,0,0.26073571322502986
7602-DBTOU,0,0,0.007643582356206836
1385-TQOZW,0,0,0.36651968855010714
6892-XPFPU,1,1,0.8745170468240167
4115-NZRKS,0,1,0.906378052151794
5514-YQENT,0,0,0.21270487034420035
6319-IEJWJ,1,1,0.8263129964013255
8849-AYPTR,0,1,0.745492668393377
5893-PYOLZ,0,0,0.07322411655797252
7180-PISOG,1,1,0.8679736958056187
8443-ZRDBZ,1,1,0.877803209995004
9079-YEXQJ,1,1,0.5895725277865026
3780-YVMFA,0,1,0.6773014146024608
6968-MHOMU,0,0,0.2379269026750892
0899-LIIBW,0,1,0.7932117281890182
3677-IYRBF,1,1,0.8359021993214535
8393-DLHGA,1,1,0.7809927073648579
7691-XVTZH,0,0,0.18556803905740407
5360-LJCNJ,0,0,0.23011604201050964
3891-PUQOD,1,1,0.6652721787447713
0952-KMEEH,1,1,0.7607397608624736
4919-IKATY,1,1,0.7862796542794398
9746-UGFAC,0,0,0.10262976543787575
9108-EQPNQ,0,0,0.08810234019066082
0531-ZZJWQ,0,1,0.6446857070928043
8763-KIAFH,0,0,0.10067338087141549
5863-OOKCL,0,0,0.3021063407819421
2958-NHPPS,0,0,0.25979405618673473
9530-GRMJG,0,0,0.08320632644763155
1809-DMJHQ,1,0,0.4885299558395812
0164-XAIRP,0,0,0.06936590017772673
2926-JEJJC,0,0,0.22679590554020093
1169-WCVAK,0,1,0.5693415588115955
1217-VASWC,0,1,0.5133876510203953
2452-KDRRH,0,1,0.6372971049027522
6402-EJMWF,0,1,0.7024486374204765
7663-CUXZB,0,0,0.1808321290771067
4312-KFRXN,0,0,0.009947934043960148
3011-WQKSZ,0,0,0.319734495504776
9747-DDZOS,1,1,0.7431730683881653
2091-MJTFX,1,0,0.4150490073301344
0388-EOPEX,1,1,0.8006461704353188
3161-ONRWK,0,0,0.03826089820137962
2587-EKXTS,0,1,0.7083264796993166
9752-ZNQUT,0,1,0.7127774475299391
9572-WUKSB,0,1,0.765429260820028
3836-FZSDJ,0,0,0.012122884619571917
8805-JNRAZ,0,1,0.5440460835876327
3069-SSVSN,0,1,0.5338147952192355
8015-IHCGW,0,0,0.15627796104563968
8132-YPVBX,0,1,0.7996465408731246
0235-KGSLC,1,1,0.8278129311966429
1302-UHBDD,0,1,0.8274615004286683
3722-WPXTK,1,1,0.9123914273942004
7531-GQHME,0,0,0.277229734361158
1335-NTIUC,0,1,0.7790296650679841
9367-TCUYN,0,0,0.2796218334805758
1536-HBSWP,0,1,0.6650783307414856
8573-JGCZW,0,0,0.1736026334479636
2694-CIUMO,0,1,0.7263903704724928
2027-FECZV,1,1,0.8833503454385369
9103-TCIHJ,1,1,0.5035046708492259
1545-JFUML,0,0,0.17735012804269823
0524-IAVZO,1,1,0.8170738620508371
5519-TEEUH,0,0,0.08103809922764232
6654-QGBZZ,0,0,0.3849220627655312
2294-DMMUS,0,0,0.3007765111713978
0017-IUDMW,0,0,0.10814409091937009
5018-LXQQG,0,0,0.19167461805360722
5808-TOTXO,0,0,0.22324668998300345
1174-FGIFN,0,1,0.5592491712205961
0730-KOAVE,0,1,0.6336149922569305
1218-VKFPE,1,0,0.24390526523445014
5313-FPXWG,0,0,0.061551431096973565
2834-JKOOW,0,0,0.20172912852772684
9430-NKQLY,0,0,0.010725738753961185
0363-QJVFX,1,1,0.6220298373053652
1658-TJVOA,0,1,0.8040315276615737
6685-GBWJZ,0,0,0.04337353128538169
6328-ZPBGN,1,1,0.8791863011667104
4003-FUSHP,0,0,0.4680470335545212
7690-KPNCU,0,0,0.09897887138726405
2969-WGHQO,0,0,0.30212215409804877
1855-CFULU,0,0,0.3908645772889761
9788-YTFGE,0,0,0.4117053572876276
8266-VBFQL,0,1,0.830953016317739
2325-NBPZG,0,1,0.7928001550413911
9906-NHHVC,0,0,0.10964763826790327
2541-YGPKE,0,0,0.07857657724304767
5049-MUBWG,0,0,0.18283824863057038
2332-TODQS,0,0,0.04830966875301949
4419-UJMUS,0,0,0.23375377803959438
2233-TXSIU,0,0,0.2862215671991491
6770-XUAGN,1,0,0.49465982617425236
2919-HBCJO,1,1,0.7555280236257715
9508-ILZDG,0,1,0.7286568709555354
5442-BHQNG,0,1,0.8083693753702053
7250-EQKIY,1,1,0.5216498540271042
6838-HVLXG,0,0,0.27971781050424493
9767-FFLEM,0,1,0.5663930382954305
2245-ADZFJ,0,0,0.1117181847636467
1150-WFARN,1,0,0.1276143555616844
9054-FOWNV,0,1,0.8126557341126417
7997-EASSD,0,0,0.21286980473288886
7560-QJAVJ,0,0,0.027943989793775784
2668-TZSPS,0,0,0.389501668461949
9139-WQQDY,1,0,0.37725699333719004
6726-NNFWD,0,0,0.1126233234063984
9330-DHBFL,0,0,0.12064096756342335
5727-MYATE,0,0,0.03668933578003791
2824-DXNKN,0,0,0.03459046264094253
6166-ILMNY,1,1,0.7411722506042855
5236-XMZJY,0,0,0.15204314630922774
1709-EJDOX,0,0,0.01675012520355358
4962-CHQPW,0,0,0.06906403433924914
0301-FIDRB,0,0,0.0346336802826532
1820-TQVEV,1,1,0.8649302857210179
9115-YQHGA,0,0,0.33112618276074435
1541-ETJZO,1,1,0.5436182188938556
6230-BSUXY,1,1,0.8969839200581541
6797-LNAQX,1,0,0.14755603346159485
9588-YRFHY,0,0,0.025876481317490676
1092-GANHU,1,1,0.7817440306759126
5951-AOFIH,0,0,0.4036620526259859
7029-RPUAV,1,1,0.861949041538549
4700-UBQMV,0,0,0.3448444453096637
3594-UVONA,1,0,0.23299412986396792
7750-EYXWZ,0,1,0.5024006282483118
7054-ENNGU,0,0,0.4767670378839879
0402-OAMEN,0,0,0.007425040175429052
2195-VVRJF,0,1,0.5220090386041906
8819-ZBYNA,0,0,0.17434282230321338
7748-UMTRK,0,1,0.7866645812517528
1741-WTPON,0,0,0.11990033404581633
7209-JCUDS,1,1,0.8851935473817616
2485-ITVKB,1,1,0.8565869089671264
9648-BCHKM,0,0,0.0918131127540657
0743-HRVFF,0,0,0.2528686398248369
2522-AHJXR,0,0,0.48998527519221746
9143-CANJF,0,0,0.2497300853438029
1444-VVSGW,1,0,0.18760543236624425
6898-MDLZW,0,0,0.4609932121193313
0074-HDKDG,0,0,0.14973969843808113
3982-JGSFD,0,0,0.08361779294053401
7928-VJYAB,0,1,0.8138511684727061
1522-VVDMG,1,1,0.7626915631840461
2665-NPTGL,0,1,0.8347958937110653
8728-SKJLR,0,1,0.5683263425076233
7733-UDMTP,0,0,0.4980185476839859
0431-APWVY,1,1,0.5496955253578443
5081-NWSUP,0,0,0.2815953294431944
2746-DIJLO,0,0,0.19326731307245085
7277-OZCGZ,0,1,0.6678696619001699
5236-PERKL,1,0,0.21587485712820498
2788-CJQAQ,0,0,0.158823566147468
3096-WPXBT,0,0,0.22348838052729586
9962-BFPDU,0,0,0.3353898052794663
2892-GESUL,0,0,0.055296717982909895
9741-YLNTD,0,1,0.8134070484821946
1205-WNWPJ,1,1,0.5886553860009864
3173-NVMPX,0,1,0.5667172156711814
9661-MHUMO,1,1,0.5677868905315296
6000-APYLU,1,1,0.8620081372003393
0048-PIHNL,0,0,0.0351258545912854
9420-LOJKX,1,1,0.7180433736479161
7061-OVMIM,0,0,0.06338419529807457
5671-RQRLP,0,0,0.15185097827942698
5129-JLPIS,0,1,0.7096284693880066
5170-PTRKA,0,0,0.07917604917961868
4819-HJPIW,0,1,0.5524368179384692
8780-RSYYU,0,0,0.23354965295650487
2335-GSODA,0,0,0.0804207095516059
5696-CEIQJ,0,0,0.09579707244005223
6169-PPETC,0,0,0.02688764252139344
4237-RLAQD,1,1,0.6693651419389275
7359-WWYJV,0,0,0.10443778092392245
8620-RJPZN,0,0,0.46536768684165747
7426-WEIJX,0,0,0.4589558243533985
7629-WIXZF,0,0,0.48368516061054845
2616-FLVQC,0,0,0.010344874932451405
9163-GHAYE,0,1,0.5143380641223864
4464-JCOLN,1,0,0.1944609952608188
2971-SGAFL,0,1,0.7162780027705755
4735-ASGMA,1,1,0.8672138729426813
5245-VDBUR,0,0,0.09174798800111533
1493-AMTIE,1,0,0.45954463089138037
1112-CUNAO,1,1,0.8296626312618411
7571-YXDAD,1,1,0.7834607883491453
8714-EUHJO,1,1,0.7520765632610895
9040-KZVWO,0,0,0.36541238161065226
6713-OKOMC,0,1,0.5253790883184474
8749-CLJXC,0,0,0.39161730241936876
4713-LZDRV,1,1,0.9001682857939957
6598-RFFVI,1,0,0.22231080394019556
7470-MCQTK,1,1,0.76586280756825
5524-KHNJP,0,0,0.1671099467033525
1707-HABPF,0,0,0.39336473873266126
4581-LNWUM,0,1,0.7733407360889972
9710-ZUSHQ,1,1,0.6891108919928963
1697-LYYYX,0,0,0.017567314885002728
4013-GUXND,0,0,0.3876538919620165
5022-JNQEQ,0,1,0.7260852347344706
4983-CCWMC,0,1,0.8090175162307688
6345-FZOQH,0,0,0.008502641558513624
0962-CQPWQ,0,0,0.00841482898108663
5495-GPSRW,0,0,0.08810341963370479
2252-JHJGE,0,0,0.39023232591066576
7356-AYNJP,0,0,0.32813028132412014
2019-HDCZY,0,0,0.2899170481987922
8582-KRHPJ,0,0,0.22066268288410254
2867-UIMSS,1,1,0.8510532522188001
3487-EARAT,0,0,0.02923391263397313
9926-PJHDQ,0,0,0.07069333457009874
0289-IVARM,0,0,0.24472198187993144
4672-FOTSD,0,0,0.4908967119604101
6198-PNNSZ,0,0,0.29677514829979157
7603-USHJS,1,1,0.7567026313795737
6784-XYJAE,0,0,0.25090385809432403
3858-XHYJO,0,0,0.4078993494025466
1087-UDSIH,1,0,0.4473270165215185
7251-LJBQN,0,1,0.5505484597333631
3200-MNQTF,0,0,0.018597696595191896
9359-UGBTK,0,0,0.058772104991311094
8160-HOWOX,0,1,0.7792136173886794
0258-NOKBL,0,1,0.8143506009421974
2800-QQUSO,0,1,0.7575811581828165
2129-ALKBS,0,0,0.1985244644628262
9972-VAFJJ,0,0,0.38041005509009884
4693-VWVBO,0,0,0.45059568106614956
6969-MVBAI,0,1,0.8959252310068692
4821-WQOYN,0,0,0.007453056444425928
6769-DYBQN,1,1,0.5509116801527396
4018-PPNDW,0,0,0.017734433384326412
6288-CHQJB,0,0,0.026581916556115998
4905-JEFDW,1,1,0.6512653821328228
0559-CKHUS,0,0,0.060213690496647515
2659-VXMWZ,1,0,0.3591278203959857
6559-RAKOZ,0,1,0.5177196263434045
8809-XKHMD,0,0,0.09717005140192549
6365-HITVU,0,0,0.020398951396926573
0134-XWXCE,0,0,0.17513275663738778
9720-JJJOR,0,0,0.0939867916491914
2782-LFZVW,0,1,0.6990568643357502
6112-KTHFQ,0,0,0.34807967833249426
9220-ZNKJI,0,0,0.13371914089237197
9820-RMCQV,1,0,0.38676859429006244
9013-AQORL,0,0,0.2414031401059024
2040-OBMLJ,0,0,0.34137752389234505
5574-NXZIU,0,0,0.0945397674496494
5446-DKWYW,0,0,0.20952035070585864
0480-KYJVA,0,0,0.00758436638929455
1074-AMIOH,0,0,0.4575800031811492
0015-UOCOJ,0,1,0.6437276677835702
0256-LTHVJ,1,1,0.734103445469694
4547-LYTDD,1,1,0.7866455449628253
1077-HUUJM,0,1,0.7967548766436614
2041-JIJCI,0,1,0.778677796508691
1555-HAPSU,0,0,0.007804589918605536
4323-SADQS,1,1,0.5960254201100235
3292-PBZEJ,0,1,0.865219930388591
6203-HBZPA,0,0,0.0588641936330121
9755-JHNMN,0,0,0.02332279298591471
7369-TRPFD,0,0,0.12648045220423423
9878-TNQGW,1,1,0.8850552182863989
2279-AXJJK,0,1,0.5216307277109639
5016-IBERQ,0,1,0.7197289938871374
1016-DJTSV,0,1,0.8565209864585855
8433-WPJTV,0,0,0.34665989759376925
8903-XEBGX,0,1,0.7393495950260994
2632-TACXW,0,0,0.014200404274593839
7952-OBOYL,0,1,0.7778935733425584
1470-PSXNM,0,0,0.46842415181025565
6227-HWPWX,1,1,0.601204400732003
5924-SNGKP,0,0,0.05456352446679791
8818-DOPVL,0,1,0.7982600583162858
4521-WFJAI,0,0,0.02521280912992893
4724-WXVWF,0,1,0.5655853304267214
3717-OEAUQ,0,1,0.7527300787163109
8165-ZJRNM,0,0,0.00749382904856365
7838-LAZFO,0,0,0.1373875516006461
0513-RBGPE,0,0,0.061078206047046474
7251-XFOIL,0,0,0.48115388935736736
2525-GVKQU,0,0,0.011434773836485803
7579-OOPEC,1,1,0.5687064369148981
3795-GWTRD,0,0,0.01717841132525771
4750-ZRXIU,1,1,0.9150222997931086
5445-PZWGX,1,0,0.2294282887020904
0516-UXRMT,0,0,0.2675710908587222
0727-BNRLG,0,0,0.13983327936438694
3932-CMDTD,1,1,0.7099187937040882
1264-FUHCX,0,0,0.2135563447554386
6194-HBGQN,0,0,0.10884600126531742
4524-QCSSM,0,0,0.481518409238402
4570-QHXHL,0,1,0.6835268213315094
2972-YDYUW,0,0,0.31873147140253105
2061-VVFST,0,0,0.1172629065552909
6874-SGLHU,0,1,0.558057588652715
9844-FELAJ,0,0,0.3880081125115234
1902-XBTFB,1,1,0.7426452862826665
9039-RBEEE,1,0,0.28967329515222984
9369-XFEHK,1,1,0.6674242405481988
3680-CTHUH,0,0,0.2896662625786734
3679-XASPY,0,0,0.4199834780389282
9089-UOWJG,0,1,0.5651224628007934
1574-DYCWE,0,0,0.014094785543234106
9779-DPNEJ,0,1,0.7727501246802134
2967-MXRAV,0,0,0.20515119526739312
0327-WFZSY,0,1,0.5584152929394686
1731-TVIUK,1,1,0.8489392797267056
7666-WKRON,1,0,0.24088786206996549
3865-ZYKAD,0,0,0.331905728834435
1465-LNTLJ,0,1,0.6169767140117189
2696-RZVZW,0,0,0.011254485837103152
0685-MLYYM,1,1,0.8303096093411304
2778-OCLGR,1,0,0.49816575976601135
3982-XWFZQ,1,0,0.45668279195719325
4759-PXTAN,0,0,0.22616754928416347
1448-PWKYE,1,1,0.8237742017891323
8741-LQOBK,0,0,0.14888659013318842
8650-RHRKE,1,1,0.8079866625429086
7266-GSSJX,0,0,0.4017828054656915
1265-HVPZB,0,0,0.06888744727750702
9640-ZSLDC,0,0,0.09929092775385485
0988-JRWWP,0,1,0.7684066434157384
1926-QUZNN,0,0,0.013139895380480915
9025-ZRPVR,1,0,0.3964493726100835
6527-PZFPV,0,0,0.10901530367729798
7460-ITWWP,0,1,0.7112839035266776
1530-ZTDOZ,0,0,0.23278668781013506
4785-FCIFB,0,0,0.015435576422612854
9717-QEBGU,0,1,0.8592453595744722
0876-WDUUZ,1,1,0.7643718593885701
7881-EVUAD,1,1,0.7751014902060541
4002-BQWPQ,0,0,0.2838784711114217
6377-WHAOX,0,1,0.7060486407378479
5027-YOCXN,0,0,0.22606413232315253
8450-JOVAH,1,0,0.47932913666933796
6646-QVXLR,1,1,0.5709820659383371
0254-KCJGT,0,0,0.11291139938366267
3442-ZHHCC,0,0,0.08775010770929083
9167-APMXZ,0,1,0.7811675717186871
0616-ATFGB,1,1,0.8076224896239454
7273-TEFQD,1,1,0.8639121169554049
8245-UMPYT,1,1,0.904573836578193
6022-UGGSO,1,1,0.6977422375084087
6292-TOSSS,0,0,0.023231517019374686
5207-PLSTK,0,1,0.5290827855760472
3908-BLSYF,1,1,0.8252889286551954
4317-VTEOA,1,1,0.7094385990469061
0625-AFOHS,0,0,0.03487394401595589
4667-OHGKG,1,0,0.4780313763426406
2386-OWURY,0,1,0.6136676740019347
3780-DDGSE,0,0,0.4768645315525586
1047-RNXZV,0,0,0.025277307088871222
3926-YZVVX,0,0,0.09626165715227558
4742-TXUEX,0,0,0.015841465695296923
8709-KRDVL,0,1,0.8231338871464683
0397-ZXWQF,0,0,0.00869388366514819
3910-MRQOY,0,0,0.0070630675110541045
2511-MORQY,0,0,0.10254205474846034
4039-PIMHX,0,0,0.05831871421517484
8083-YTZES,1,1,0.8806315170122221
1346-PJWTK,0,0,0.31310211063238724
3750-YHRYO,0,0,0.1611532959347535
1236-WFCDV,1,1,0.7949528771106749
5949-HGVJL,0,1,0.5678450916473385
9112-WSNPU,0,1,0.6290349052133204
1360-JYXKQ,0,0,0.49727427664973867
3585-ISXZP,1,1,0.8288376344031532
8380-PEFPE,1,1,0.8292021126856346
9402-ROUMJ,0,0,0.1725035387448379
4335-UPJSI,0,0,0.042825582802131855
6096-EGVTU,0,0,0.021959913561923984
8988-ECPJR,1,1,0.6246462028865533
7677-SJJJK,0,0,0.15026405600242893
5850-BDWCY,0,0,0.33445452837332135
2025-JKFWI,1,1,0.8257737977670782
8028-PNXHQ,0,0,0.016068051836425835
8397-MVTAZ,1,1,0.8439744026324345
4445-ZJNMU,0,1,0.857586993322783
3125-RAHBV,0,0,0.10714603493015862
6682-QJDGB,1,0,0.18501550288441806
8840-DQLGN,1,1,0.5624338732626997
6258-NGCNG,0,0,0.39679245028459526
5917-RYRMG,0,0,0.08324638583532772
7157-SMCFK,0,0,0.009198245392986167
0816-TSPHQ,0,0,0.3780044488579174
6766-HFKLA,0,0,0.20132633225892166
7067-KSAZT,1,1,0.5462257689106311
5155-AZQPB,0,0,0.35610495863481273
6890-PFRQX,0,0,0.45638277255840026
3508-VLHCZ,0,0,0.03623299923011327
3649-JPUGY,0,0,0.0608329254880971
9248-OJYKK,1,1,0.9007594327196219
7239-HZZCX,1,0,0.3932067093780847
9860-LISIZ,0,0,0.13133966380599732
6979-ZNSFF,1,1,0.8848878267267024
8938-UMKPI,1,1,0.7662874169183318
1820-DJFPH,0,0,0.010451149468029813
0732-OCQOC,0,0,0.023489321036313373
6776-TLWOI,1,0,0.37274605425584983
4940-KHCWD,0,0,0.022629399658519067
9057-SIHCH,1,1,0.9186756723896754
9866-QEVEE,1,1,0.7970119479099202
5542-TBBWB,0,1,0.8640191100006335
4587-VVTOX,1,1,0.897748170421345
6322-HRPFA,0,0,0.08007591091967624
6284-AHOOQ,1,1,0.748204554440317
4530-NDRKU,0,0,0.07763712850819077
1751-NCDLI,0,1,0.8232077035161177
3893-JRNFS,0,0,0.2383424348909776
5857-XRECV,0,0,0.17661212470560625
3115-CZMZD,0,0,0.11246910949704358
4489-SNOJF,1,0,0.29266813070871356
1051-GEJLJ,0,0,0.3763471120937074
3563-SVYLG,0,0,0.011307069853624821
4301-VVZKA,0,1,0.8358763652784611
9351-HXDMR,0,0,0.15308330749343418
5161-XEUVX,0,0,0.23946012783867757
3088-FVYWK,0,0,0.016705059882280583
9812-GHVRI,0,1,0.6204330183814185
1370-GGAWX,0,1,0.546386708705284
6023-YEBUP,1,1,0.9190460365288801
9940-RHLFB,1,1,0.8060441949622772
4541-RMRLG,1,0,0.4165463676794774
2606-RMDHZ,1,1,0.6958597078525138
5575-TPIZQ,0,1,0.5678151059375187
9378-FXTIZ,1,0,0.2523384981693758
4631-OACRM,1,1,0.8618466303444603
8593-WHYHV,1,1,0.905927651095476
1403-GYAFU,0,0,0.006098238359131578
7641-TQFHN,0,0,0.24183235686960391
4237-CLSMM,0,0,0.3859929083711552
4360-PNRQB,0,1,0.76010475448942
5334-AFQJB,0,0,0.015388045618710603
9308-ANMVE,0,0,0.20514633715704705
3530-VWVGU,0,0,0.16999404115491257
4674-HGNUA,0,0,0.028641692744151626
3030-YDNRM,0,1,0.8659048798248671
3642-BYHDO,0,0,0.005690573762281274
0440-UEDAI,0,0,0.26732035193724046
9819-FBNSV,0,1,0.6018981887745976
9289-LBQVU,0,0,0.11481325215828385
4468-YDOVK,0,0,0.49130905692708043
2001-EWBQU,0,0,0.29000931924803663
9992-UJOEL,0,1,0.6264587167173946
8409-WQJUX,0,0,0.4356109376583268
3077-RSNTJ,0,0,0.29091689863800807
6993-YCOBK,0,0,0.21010043267452774
4817-VYYWS,1,1,0.8322761408882957
4702-HDRKD,0,0,0.07389624614764045
3251-YMVWZ,0,0,0.04171463622155627
4190-MFLUW,1,0,0.34542210096339254
4678-DVQEO,1,1,0.6535996751129636
4701-AHWMW,1,0,0.34777312656917475
2987-BJXIK,0,0,0.04829550644242523
1730-VFMWO,0,0,0.22940405271072387
1936-UAFEH,0,0,0.09842652990920199
5140-FOMCQ,0,0,0.36443068747194574
8778-LMWTJ,0,1,0.7604544571109243
9840-DVNDC,1,1,0.8173234952024321
8033-VCZGH,0,1,0.545547464081956
8580-QVLOC,1,0,0.02905179064850415
6128-AQBMT,0,1,0.6521658176947633
6257-RJOHI,0,1,0.5600525290296352
1929-ZCBHE,0,0,0.09128211799911926
6242-SGYTS,0,0,0.21926278046034345
7010-ZMVBF,0,0,0.19476429175421142
3519-ZKXGG,1,1,0.8804506749373815
5666-MBJPT,0,0,0.018015264327682207
3313-QKNKB,1,0,0.4051666737870036
7581-EBBOU,0,0,0.08909858883912718
1784-BXEFA,0,0,0.36951053864697697
7492-TAFJD,0,0,0.17339166502950368
5213-TWWJU,0,1,0.6463102542908525
3312-ZWLGF,0,1,0.7504829218577274
2923-ARZLG,0,0,0.26978330253878996
7032-LMBHI,0,0,0.16929858364449057
8292-ITGYJ,0,0,0.031744818457585845
9107-UKCKY,0,0,0.2829641217294285
6848-HJTXY,0,0,0.009640246840357388
4184-VODJZ,0,0,0.37712967308645473
4846-WHAFZ,1,1,0.7501741279857315
8735-SDUFN,0,0,0.011064175134555
0839-JTCUD,0,0,0.03144803871154714
6857-VWJDT,1,1,0.8598399725605426
7363-QTBIW,0,1,0.8646526196705155
6158-HDPXZ,0,1,0.7125691234758919
5419-CONWX,1,1,0.8524631761411777
9286-DOJGF,1,1,0.6650120230061495
2408-PSJVE,0,0,0.1819755845189965
2087-QAREY,0,0,0.44066498703655554
6777-TGHTM,1,0,0.41152905257023153
6507-ZJSUR,0,1,0.8665216708515624
5025-GOOKI,0,0,0.2716400305956092
6080-LNESI,0,0,0.02366831373891073
2236-HILPA,0,0,0.008479126941726646
1386-ZIKUV,0,0,0.4162647046422981
3365-SAIGS,0,1,0.8049188678446163
6061-GWWAV,0,0,0.09390434210053904
9979-RGMZT,0,1,0.7088742844292568
8445-DNBAE,0,1,0.7460531402373916
6872-HXFNF,0,0,0.06262262464045365
1320-HTRDR,1,1,0.8785187269151485
3923-CSIHK,1,1,0.5954820809986957
2446-ZKVAF,0,0,0.4519920010363849
4640-UHDOS,1,1,0.573572450808853
5457-COLHT,0,0,0.021236464838478197
2254-DLXRI,0,1,0.8264876622015039
5339-PXDVH,0,1,0.8092454645398102
2386-LAHRK,1,1,0.7259442107137374
5062-CJJKH,0,0,0.17046706622099514
8930-XOTDP,0,0,0.44082064237157986
4779-ZGICK,0,0,0.022383508425933698
9534-NSXEM,0,0,0.12427558708148065
3716-BDVDB,1,1,0.866094221288386
9842-EFSYY,0,1,0.6839655601326764
9122-UMROB,0,0,0.39029454850574735
1867-BDVFH,1,1,0.8291825127440536
5949-EBSQK,1,0,0.4681002063415304
4160-AMJTL,1,0,0.43553913803919864
8622-ZLFKO,0,1,0.8797569056510567
2990-IAJSV,0,0,0.033277040031077884
6064-ZATLR,0,0,0.07041478485947593
7409-KIUTL,1,1,0.847729159219792
5505-OVWQW,0,0,0.13189897084219818
3948-KXDUF,0,0,0.019094278523723286
9814-AOUDH,0,0,0.01571770792160218
7398-LXGYX,0,0,0.4934668469691515
5266-PFRQK,0,0,0.035971450366664624
1568-BEKZM,0,0,0.042185034296183414
2692-PFYTJ,0,1,0.5213329381607918
2533-QVMSK,1,0,0.22411849805618145
5828-AVIPD,1,1,0.6812758125357907
2907-ILJBN,0,0,0.13587140573896975
5226-NOZFC,0,1,0.7599103208294554
7114-AEOZE,0,0,0.01110192613213359
2202-CUYXZ,1,1,0.8827319474526044
3466-RITXD,0,1,0.6639648078977095
7278-CKDNC,0,1,0.8045263513058581
1956-YIFGE,0,1,0.5611860204607819
0422-UXFAP,0,1,0.6154263704864408
3733-UOCWF,0,0,0.24667547517221938
7191-ADRGF,0,0,0.14090769816117404
5709-LVOEQ,0,0,0.18962606629532272
6034-YMTOB,0,1,0.7267387850586138
6372-RFVNS,1,1,0.850817988483018
9052-DHNKM,0,0,0.22696361179823712
5609-IMCGG,0,1,0.6894528251975979
2959-MJHIC,1,1,0.8788775921781496
1319-YLZJG,0,1,0.7131549271871318
7623-TRNQN,1,1,0.5348399721111866
0377-JBKKT,0,0,0.24768281479264248
1936-CZAKF,0,0,0.11958265832135613
5063-IUOKK,0,0,0.08485565839206187
8646-JCOMS,0,0,0.19824526482048854
0979-MOZQI,0,0,0.06250423504635408
1525-LNLOJ,0,0,0.06298699934162277
5759-RCVCB,1,1,0.7240482895567145
9968-FFVVH,0,0,0.040386380605687076
2266-FUBDZ,0,0,0.06463437708136172
4760-THGOT,0,1,0.653894025172665
2307-FYNNL,0,0,0.259874981851451
1143-NMNQJ,1,1,0.904734843103875
1629-DQQVB,0,0,0.3560455810385695
3766-EJLFL,0,0,0.13000285027065214
8457-XIGKN,0,0,0.275144871349119
4981-FLTMF,0,0,0.0777890374501485
7606-BPHHN,0,0,0.009844865288232038
7005-CCBKV,1,1,0.8590096741527489
4648-YPBTM,0,0,0.08053238338122064
2325-ZUSFD,1,0,0.11153220629359714
1240-KNSEZ,1,0,0.47359761179318016
0430-IHCDJ,0,1,0.6950404991154244
7957-RYHQD,1,0,0.46126067778858654
6164-HAQTX,0,0,0.022129534602407443
0749-IRGQE,0,1,0.8017290790344995
1227-UDMZR,0,0,0.04625960392664326
5473-KHBPS,0,0,0.34338226521113546
5297-MDOIR,0,0,0.1675387417453787
8873-TMKGR,0,0,0.0866445321620625
6481-ESCNL,0,1,0.7300512960727124
0463-WZZKO,0,0,0.435924411925914
1038-RQOST,0,0,0.19376514526603367
4937-QPZPO,0,1,0.5140005872568212
3604-WLABM,0,1,0.5017440088456367
1360-XFJMR,0,0,0.3299530750849105
8717-VCTXJ,0,0,0.07084424666930654
5196-SGOAK,1,1,0.8371494809040937
8739-XNIKG,0,1,0.8981166662380162
2320-TZRRH,0,0,0.11919993004891362
5186-SAMNZ,1,1,0.8334093645726162
5760-FXFVO,0,1,0.7573775814091352
5380-WJKOV,1,1,0.8163459962278955
4703-MQYKT,0,0,0.06157671790985212
2001-MCUUW,0,0,0.2999636325509721
4947-DSMXK,0,1,0.7269539539906462
0076-LVEPS,0,0,0.26342863977259834
5566-SOEZD,0,0,0.29711134378484644
7408-OFWXJ,0,0,0.026892427443705666
1097-FSPVW,0,0,0.17228123239420376
4412-YLTKF,1,1,0.8056172283280371
0420-TXVSG,0,0,0.036150528202849225
7817-BOQPW,1,1,0.8821219532857607
0963-ZBDRN,1,1,0.7558088186859996
9685-WKZGT,1,1,0.8623315565202491
2139-FQHLM,0,1,0.6159450487037434
5825-XJOCM,0,0,0.09583281880457989
0004-TLHLJ,1,1,0.8489711041550518
7529-ZDFXI,0,1,0.6786348439890272
6848-YLDFR,0,0,0.10855415803601602
5820-PTRYM,0,0,0.0851212053847071
2984-RGEYA,0,0,0.006250117080694156
6434-TTGJP,0,0,0.1388745462829759
9643-AVVWI,0,1,0.7359270378273421
3506-OVLKD,0,0,0.08232000287483979
4946-EDSEW,1,0,0.317448254877893
2924-KHUVI,0,0,0.493777673617005
2263-SFSQZ,0,0,0.026525893898635015
5281-BUZGT,1,1,0.737395542252789
3717-FDJFU,0,0,0.09260437049131026
2239-CFOUJ,0,0,0.19941442898237738
8699-ASUFO,1,1,0.8503499765423623
1122-YJBCS,0,0,0.0480359561533078
0628-CNQRM,1,0,0.1827800313670066
1705-GUHPV,0,0,0.014481058033465473
4877-TSOFF,0,0,0.08164240673223597
7404-JLKQG,0,1,0.701749382425978
0379-DJQHR,0,0,0.03005731548635814
8993-PHFWD,1,1,0.7576014552000471
3930-ZGWVE,0,0,0.3932067093780847
1965-DDBWU,1,1,0.7644857288948158
7572-KPVKK,0,0,0.2736137642224155
6854-EXGSF,0,1,0.5025040197681333
9483-GCPWE,0,0,0.14918437325117836
8053-WWDRO,1,0,0.3310510317904653
9473-CBZOP,0,0,0.18069966958268993
3985-HOYPM,0,0,0.0977997455345134
8378-LKJAF,0,1,0.7203900766678081
1310-QRITU,0,1,0.6586707378742966
3237-AJGEH,1,1,0.6339349572352375
6542-LWGXJ,0,1,0.7008763804405481
6953-PBDIN,0,0,0.036410356811712674
6332-FBZRI,0,0,0.04200125923409492
9365-CSLBQ,0,0,0.00823987572265685
3466-WAESX,0,1,0.5667761189766419
9700-ISPUP,0,1,0.5589276054853594
5167-ZFFMM,1,1,0.8512197339712763
7669-LCRSD,0,1,0.5759396540550962
0870-VEMYL,1,0,0.35543708431485055
2995-UPRYS,1,0,0.45851148486778553
3179-GBRWV,0,0,0.4586688733909645
0701-TJSEF,0,0,0.4642499614372552
1848-LBZHY,0,1,0.5025009411260779
5380-XPJNZ,0,0,0.057371511889313886
6608-QQLVK,1,1,0.7335260092100723
1475-VWVDO,0,1,0.8331614672361018
3721-CNEYS,1,1,0.8534137856016496
4299-OPXEJ,0,0,0.018540764606774167
0096-BXERS,0,1,0.6843695742691326
3055-VTCGS,0,0,0.08526909312426155
9405-GPBBG,0,0,0.2032209511390815
6704-UTUKK,0,1,0.7345824643414101
9944-AEXBM,0,1,0.7326056900837328
2545-EBUPK,0,1,0.9202306212269906
6270-OMFIW,1,0,0.4646778871251212
1852-XEMDW,0,0,0.33085017581196896
8158-WPEZG,0,1,0.6636061424132529
5198-EFNBM,0,0,0.4370810554008106
7663-RGWBC,1,1,0.6776713436158152
3970-XGJDU,0,0,0.014298419718391886
6845-RGTYS,1,1,0.6158428150707906
0123-CRBRT,0,0,0.03948971197242733
6077-BDPXA,0,1,0.8512797817579502
2250-IVBWA,0,0,0.23415670093112603
6137-NICCO,0,1,0.7983408340546669
8129-GMVGI,0,0,0.011297894256395878
4353-HYOJD,0,0,0.27692075625815343
8671-KKKOS,0,0,0.3072564832644067
8080-DDEMJ,1,1,0.7084334956834799
6698-OXETB,0,0,0.09061906476193517
3312-UUMZW,0,1,0.7723399150419392
6376-GAHQE,1,1,0.8431565599134776
0733-VUNUW,1,0,0.419965846019007
6733-LRIZX,0,0,0.389122893669006
2165-VOEGB,1,0,0.24319163249249232
1853-UDXBW,1,1,0.8368524055388685
9070-BCKQP,0,0,0.14153549332498175
1035-IPQPU,0,1,0.7237996732485105
2057-ZBLPD,1,1,0.8469246561037821
6967-PEJLL,0,0,0.17539106964574744
7879-CGSFV,0,0,0.322233488828013
2257-BOVXD,0,1,0.5831575067814134
9822-BIIGN,0,0,0.18944319333051401
1136-XGEQU,0,0,0.17075820523136231
2439-LYPMQ,0,1,0.84012022793001
6543-XRMYR,1,1,0.8536505414209731
5753-QQWPW,0,0,0.1741991040405278
4785-QRJHC,1,0,0.2713100124202437
0052-YNYOT,0,0,0.02454383095627133
7054-LGEQW,1,1,0.5831331241265317
0608-JDVEC,0,0,0.026823876927700486
6284-KMNUF,0,0,0.4870764108344721
6286-SUUWT,0,0,0.39214685123023457
3594-KADLU,0,1,0.5179207020945191
0536-ACXIP,0,0,0.24363782902172637
8869-TORSS,1,0,0.07404258648697312
0373-AIVNJ,0,0,0.32236747953166023
6429-SHBCB,0,1,0.6301204517116579
5751-USDBL,0,0,0.049573412968295996
6815-ABQFQ,0,0,0.4879235578175562
9450-TRJUU,0,1,0.7314849976556256
2805-AUFQN,0,0,0.0481898675261486
7855-DIWPO,0,1,0.7705804710290703
0174-QRVVY,0,0,0.00810874591212215
9507-EXLTT,1,1,0.8406071222832114
8390-FESFV,0,0,0.0595717953617547
0661-KBKPA,0,0,0.18076028177212156
6856-RAURS,0,1,0.8419793324733861
7322-OCWHC,0,0,0.08046856396377618
2203-GHNWN,0,1,0.7308693559066907
3413-CSSTH,0,0,0.361781551981537
3006-XIMLN,1,1,0.8666960625089459
3750-CKVKH,1,1,0.8653401687128826
0576-WNXXC,1,1,0.8282529119344342
7056-IMHCC,1,1,0.7752209925314986
0866-QLSIR,1,0,0.13641698661831575
1628-BIZYP,0,1,0.8729510383232427
2230-XTUWL,0,0,0.015843159640539926
1980-KXVPM,1,1,0.8518206787035553
8619-IJNDK,0,0,0.009473835110955392
2960-NKRSO,0,1,0.6483410185719907
6705-LXORM,0,1,0.8194527828307387
7130-VTEWQ,1,1,0.8781225277843362
9364-YKUVW,0,0,0.3329876722967465
2761-OCIAX,1,1,0.860254589025975
7996-BPXHY,0,0,0.1095715153067013
4248-QPAVC,1,1,0.7083393235218017
9357-UJRUN,0,0,0.27888217381502967
6340-DACFT,0,0,0.01394143172466401
1023-BQXZE,0,0,0.07720808055043851
5480-HPRRX,1,1,0.7852451455981447
9576-SYUHJ,0,1,0.7034919191622067
2169-RRLFW,0,0,0.009904175981123841
8338-QIUNR,0,0,0.019530222366219423
0463-TXOAK,0,0,0.017157460778617545
4396-KLSEH,0,1,0.5289367330188771
5186-EJEGL,0,0,0.46826733936933795
9334-GWGOW,0,1,0.8875365637800195
5696-JVVQY,0,0,0.05081241047231358
9633-DENPU,0,0,0.30003004369180464
0581-BXBUB,0,1,0.8072848616164813
2750-BJLSB,0,0,0.39607215410643726
2770-NSVDG,0,1,0.5779277584710835
8280-MQRQN,1,1,0.6534959406575344
7851-FLGGQ,1,1,0.7277410813133836
9374-YOLBJ,0,0,0.42106645485872135
6583-SZVGP,0,0,0.3286369458784244
2150-OEGBV,0,0,0.0885962365358813
9372-TXXPS,0,0,0.016482745939297615
6933-FHBZC,0,0,0.2451957658482449
4698-KVLLG,0,0,0.019064868687565278
8752-STIVR,1,1,0.8766792022372086
8623-ULFNQ,0,1,0.613163848884785
9822-WMWVG,0,1,0.5651644189777992
4304-TSPVK,0,0,0.10741531637441687
1716-LSAMB,0,0,0.026230941112403698
3523-QRQLL,1,0,0.3373995879266374
2187-PKZAY,0,1,0.7988556774193996
1895-QTKDO,0,1,0.5809190518875136
8161-QYMTT,0,1,0.917745412289965
2955-PSXOE,1,0,0.45172628285563793
6834-NXDCA,1,1,0.7479751580707275
8701-DGLVH,0,0,0.017765036525332394
2480-SQIOB,0,1,0.6021527866299484
4993-JCRGJ,0,1,0.6557045456312561
0581-MDMPW,0,1,0.7664307671215715
7789-CRUVC,0,0,0.3267586527900206
0164-APGRB,0,0,0.19069737693669467
8034-RYTVV,0,0,0.24911478030323544
3018-TFTSU,1,1,0.5620076261441082
9777-IQHWP,0,0,0.09780376266927045
6899-PPEEA,1,1,0.8440224168662752
6701-YVNQG,0,0,0.0469237864457293
7649-PHJVR,0,0,0.1703045116613855
9278-VZKCD,0,1,0.7033825574340987
7636-PEPNS,0,0,0.08328679614377954
1575-KRZZE,0,1,0.5020900628055007
8590-OHDIW,0,0,0.04736668005782815
7764-BDPEE,0,0,0.31562768608211417
9480-BQJEI,0,0,0.27172761310062943
3354-OADJP,0,0,0.19227610914360826
3181-MIZBN,0,0,0.28094709057786776
9327-QSDED,0,1,0.5384905901014235
4892-VLANZ,1,0,0.3929416501274231
0298-XACET,0,0,0.050052411858419785
6917-FIJHC,0,0,0.013446935569432251
6557-BZXLQ,0,1,0.7644152637600236
2432-TFSMK,0,1,0.6599049172798216
4211-MMAZN,1,0,0.3905589709436838
4751-ERMAN,0,0,0.051647302511210934
8430-TWCBX,0,0,0.03592326999925642
1942-OQFRW,0,1,0.6809704373220582
4075-JFPGR,0,0,0.34124494739888706
3339-EAQNV,0,0,0.41550127319096186
5329-KRDTM,0,0,0.036063949949976415
0307-BCOPK,0,0,0.13962573652071947
6473-ULUHT,0,0,0.46444217792125325
1194-SPVSP,0,0,0.3808654000336512
7249-WBIYX,1,1,0.8848404129870061
2293-IJWPS,0,0,0.49181169774300165
4377-VDHYI,0,0,0.42988988915348625
0019-EFAEP,0,0,0.1163405923937592
2480-EJWYP,0,0,0.4780870133500528
8970-ANWXO,0,0,0.4154530559927491
8739-WWKDU,1,1,0.8358779434736073
2171-UDMFD,0,0,0.15806937079468747
7036-TYDEC,0,0,0.20631117332307
3831-YCPUO,0,0,0.08139499391840295
0121-SNYRK,0,0,0.09958953002694691
3325-FUYCG,1,0,0.4938857370569271
1952-DVVSW,0,0,0.17189898370248646
3571-DPYUH,0,0,0.25217514062134005
2077-MPJQO,0,1,0.8873299063523239
2391-SOORI,1,0,0.4980533245055575
4086-ATNFV,0,0,0.1164713037202962
3396-DKDEL,0,0,0.11678211576572443
7471-MQPOS,0,0,0.086342084186459
7181-OQCUT,0,1,0.7165436678774535
3489-VSFRD,0,0,0.05641963766959168
6283-GITPX,0,0,0.019287738865756587
2845-HSJCY,1,1,0.8503376147384845
7216-KAOID,0,0,0.041623899534972655
6680-WKXRZ,1,1,0.7797522958033567
2346-LOCWC,0,0,0.009876872180591243
0769-MURVM,0,0,0.02343886515359106
3374-LXDEV,1,1,0.6947715665614285
5318-YKDPV,0,0,0.07251348517941474
8190-ZTQFB,0,0,0.45168360138416874
4512-ZUIYL,1,1,0.7404459635792157
3090-QFUVD,0,0,0.37025111893801976
4806-KEXQR,1,1,0.8811828725710714
2369-FEVNO,0,0,0.4747056900697878
9637-CDTKZ,0,0,0.1338766115654109
2954-PIBKO,0,0,0.020358609182727406
2212-LYASK,0,0,0.33311793129890177
9481-SFCQY,0,1,0.5337563039125163
2828-SLQPF,0,1,0.5001197267854057
4647-MUZON,0,1,0.7987182122772345
8212-DJRCH,0,1,0.7184189068163703
0516-OOHAR,0,0,0.4303109372122869
4973-RLZVI,0,0,0.11144372885341415
8089-UZWLX,0,0,0.20389355699040176
9732-KPKBW,1,1,0.5781027349377207
9715-WZCLW,0,0,0.21611802615529183
0257-KXZGU,0,0,0.2752341764395733
0707-HOVVN,0,0,0.051939470724302605
5501-TVMGM,0,1,0.7874196382989791
3422-LYEPQ,1,1,0.833795814157635
2277-VWCNI,0,1,0.6598849963831057
5461-QKNTN,0,1,0.6952284395582721
3967-KXAPS,0,0,0.03429028886231428
6919-ELBGL,0,0,0.12570710269882315
8361-LTMKD,1,1,0.8618538136375963
1131-ALZWV,0,0,0.12291860446449812
5178-LMXOP,1,1,0.9378303252348943
8992-CEUEN,0,0,0.4756087135931721
3320-VEOYC,0,1,0.9110405287763509
3672-YITQD,1,1,0.8184357415523414
6080-TCMYC,0,1,0.6580094216237069
6734-FQAJX,0,0,0.18246296267729986
1063-DHQJF,0,0,0.08955625026500828
3976-NLDEZ,0,0,0.38870937224892
1729-VLAZJ,0,0,0.2030289257429934
3400-ESFUW,1,0,0.016385173265015204
5271-YNWVR,1,0,0.17707850371092904
1587-FKLZB,1,1,0.6076262108822512
0958-YHXGP,0,1,0.7824003312369419
1494-EJZDW,0,0,0.07591603207475194
1816-FLZDK,0,1,0.6405913253214524
2075-PUEPR,0,0,0.011911898662608899
1833-TCXKK,0,1,0.6998055850308335
1436-ZMJAN,0,1,0.6943730371564829
0106-UGRDO,0,0,0.2012851060459218
1069-XAIEM,1,1,0.9204398692027859
4213-HKBJO,0,0,0.044448247376927874
8345-MVDYC,0,0,0.05499927006914517
2672-OJQZP,0,1,0.589600406948974
5136-RGMZO,0,1,0.5059694922318024
5774-QPLTF,0,0,0.04077122146121291
5240-CAOYT,0,0,0.3017926228772282
3707-GNWHM,1,1,0.8523116599471748
5159-YFPKQ,1,1,0.8482037140582703
5052-PNLOS,1,1,0.8671293402480403
6173-GOLSU,0,1,0.6240627444278977
6661-HBGWL,1,1,0.738578853427005
8207-VVMYB,0,0,0.014685465790944
5324-KTGCG,0,0,0.022202750469649656
7354-OIJLX,0,1,0.8615831242017525
9286-BHDQG,0,0,0.011530608359009775
3567-PQTSO,0,1,0.5293445216416262
3197-ARFOY,0,1,0.6684676065907655
5698-BQJOH,1,1,0.8784091889620598
1090-ESELR,0,0,0.05985794368663368
0056-EPFBG,0,0,0.12066046554157979
4955-VCWBI,0,0,0.038612545233764645
4717-GHADL,0,0,0.11824063337819415
0058-EVZWM,0,0,0.49374555637808437
7218-HKQFK,1,1,0.8759666305257001
5057-RKGLH,0,0,0.07848931239922557
2309-OSFEU,1,1,0.7600609146282737
3429-IFLEM,0,0,0.01678649366373465
1550-LOAHA,1,1,0.5685488905943581
1400-MMYXY,1,1,0.9198449421412883
7503-QQRVF,1,1,0.7316862375802701
7504-UWHNB,0,1,0.6781507988032276
9565-JSNFM,1,0,0.379751228651836
4735-BJKOU,0,0,0.027342918724477604
3580-GICBM,0,0,0.01730234029742522
7632-YUTXB,0,0,0.08061167945841649
9412-ARGBX,1,0,0.14275845905183282
9576-ANLXO,1,1,0.7961160519273353
1110-KYLGQ,0,0,0.4253974274645582
8696-JKZNU,1,1,0.7467001367037603
8757-TFHHJ,0,1,0.5625342024952973
2955-BJZHG,1,1,0.7366346865528656
9048-JVYVF,1,1,0.754294572340908
0682-USIXD,0,1,0.7507901621428473
3884-UEBXB,0,0,0.017755331758838335
1776-SPBWV,0,0,0.07299082669872874
9050-QLROH,1,1,0.8000742055462025
2925-VDZHY,0,0,0.02834903654604929
9512-UIBFX,1,1,0.7155686864958205
8676-TRMJS,1,1,0.7916814246135947
3334-CTHOL,1,1,0.7061177906537546
6331-LWDTQ,1,1,0.7411282735599242
3847-BAERP,0,0,0.37066792136010457
4709-LKHYG,0,0,0.09373234738945217
8621-MNIHH,1,1,0.8012279057166687
8884-ADFVN,1,1,0.9220900368303907
2885-HIJDH,0,0,0.03330231327011274
8570-KLJYJ,0,0,0.1422206006136674
9339-FIIJL,0,0,0.04716727444926038
6223-DHJGV,0,0,0.06885009114689712
0959-WHOKV,0,0,0.4901454712911076
9610-WCESF,0,0,0.04091603082579628
9279-CJEOJ,0,1,0.8494111018320749
2985-FMWYF,0,1,0.8802304177360413
3540-RZJYU,1,1,0.6989340810520508
2522-WLNSF,0,0,0.17691785542006958
6861-XWTWQ,1,1,0.9258113455568159
8735-NBLWT,0,0,0.2651698388373655
1744-JHKYS,0,0,0.2227816244668163
0841-NULXI,1,1,0.8617815111209953
4016-BJKTZ,0,0,0.413928879023968
9298-WGMRW,0,0,0.1321470064664679
7893-IXHRQ,1,0,0.47404932448367787
8785-CJSHH,0,1,0.7035881277795216
7654-YWJUF,0,0,0.21253672373104648
8909-BOLNL,0,0,0.21700188274773383
9919-FZDED,0,0,0.07061920486707592
0322-CHQRU,1,1,0.6661296194526244
3587-PMCOY,0,1,0.7138043401852127
0655-RBDUG,1,1,0.8794125807372423
0983-TATYJ,0,0,0.1758851686403808
5650-YLIBA,0,1,0.738065142744369
5144-TVGLP,0,1,0.8010835798508339
3569-EDBPQ,0,1,0.6465829556560464
4945-RVMTE,0,0,0.4722782837386388
3511-BFTJW,0,0,0.015748258722207756
5537-UXXVS,0,0,0.21306978132293708
8782-NUUOL,0,0,0.07973001324931345
2865-TCHJW,1,1,0.9094370277410588
9931-KGHOA,0,0,0.18837408393977836
3071-MVJCD,0,0,0.017911590760731688
7279-BUYWN,1,1,0.7434719042536759
3756-VNWDH,0,0,0.4877221915050015
1395-OFUWC,0,0,0.22903988146384774
4223-BKEOR,0,0,0.18313093493507307
0040-HALCW,0,0,0.012038205601287046
7124-UGSUR,1,0,0.4725578617752353
7395-XWZOY,0,0,0.4425812314008451
5440-VHLUL,0,0,0.322376386969773
4706-DGAHW,0,1,0.7079742970618317
8166-ORCHU,0,0,0.43892975334818773
3978-YNKDD,0,0,0.05092348829605826
7198-GLXTC,1,1,0.8476986183085886
6366-XIVKZ,0,0,0.47280897596830224
5133-POWUA,0,1,0.6696109877534246
8400-WZICQ,0,0,0.12070308706771087
5382-SOYZL,0,1,0.880668845782286
1989-PRJHP,1,1,0.8044102068352855
4154-AQUGT,1,1,0.7369883154907815
0980-FEXWF,0,0,0.17964806798426472
5845-BZZIB,0,0,0.027977725921936387
4840-ORQXB,0,1,0.684152337053139
0295-PPHDO,1,1,0.926462871000598
8775-ERLNB,0,1,0.8738998171485618
0376-YMCJC,1,1,0.7849605708296344
7410-YTJIK,1,1,0.7620360044468428
9927-DSWDF,0,1,0.7005886866664544
6681-ZSEXG,0,0,0.051567459455860734
5702-KVQRD,0,0,0.05612761667110175
8711-LOBKY,0,0,0.010398367392376151
9692-TUSXH,1,1,0.7993999250340362
4012-YCFAI,0,0,0.025580071452888264
8455-HIRAQ,0,1,0.5274317588359271
7853-WNZSY,0,0,0.46220381194082455
0390-DCFDQ,1,1,0.8361619887730484
6421-SZVEM,0,0,0.38959159635283913
3094-JOJAI,0,1,0.7114383387472423
4873-ILOLJ,1,1,0.8428399175221885
8181-YHCMF,0,0,0.03888528388335402
3324-OIRTO,0,0,0.19628385659982064
9135-HSWOC,0,0,0.01112760583126035
2272-WUSPA,0,0,0.2229444191387331
4627-MIHJH,0,0,0.124224885824643
3896-RCYYE,0,0,0.2521830591773365
6729-GDNGC,0,1,0.7045673035429891
9945-PSVIP,0,0,0.057291237770547405
4137-JOPHL,0,0,0.17193476703000693
2720-FVBQP,0,1,0.6226700416815569
7854-EKTJL,1,0,0.4869786037448382
1133-KXCGE,0,0,0.12801019158166624
6048-QBXKL,0,1,0.6898466307985223
6338-AVWCY,1,1,0.7928370446511567
0013-MHZWF,0,1,0.5639575299416764
9804-ICWBG,1,1,0.8640191100006335
2368-GAKKQ,0,0,0.13643543618170903
4829-AUOAX,1,1,0.6366568463352384
7876-BEUTG,0,1,0.6089162608177207
6349-JDHQP,0,0,0.015117148771504794
3063-QFSZL,1,1,0.7815267608592501
9142-XMYJH,0,0,0.15437421209399083
2609-IAICY,1,1,0.8812811335679083
8626-PTQGE,0,0,0.04603971977965231
0230-UBYPQ,0,0,0.050784608696433205
6814-ZPWFQ,0,0,0.051344871638577885
5921-NGYRH,0,0,0.30436333794006915
7803-XOCCZ,0,0,0.2514570002715056
1459-QNFQT,0,0,0.029140850135081667
3948-FVVRP,0,0,0.34778324833560337
0923-PNFUB,1,1,0.8179222463808217
4654-ULTTN,0,0,0.0389974044924856
5628-FCGYG,0,1,0.8535093784027799
0506-LVNGN,1,1,0.7987537231018298
4329-YPDDQ,0,1,0.6250017749867269
9866-OCCKE,0,0,0.1759018390836338
0794-YVSGE,0,0,0.005567943296465579
4342-HENTK,1,1,0.8725063050399191
5934-TSSAU,0,1,0.6137709209596784
9986-BONCE,1,0,0.3377376797715193
5301-GAUUY,1,1,0.6445970053726888
0725-CXOTM,0,0,0.21919805145987034
2843-CQMEG,0,0,0.43500261196118145
5600-PDUJF,0,1,0.5366184696626863
4500-HKANN,0,0,0.09320528036543611
1862-QRWPE,0,0,0.015207233546479109
2155-AMQRX,0,0,0.3928432957646078
0823-HSCDJ,1,1,0.5523653363056809
4090-KPJIP,0,1,0.8796431091183254
2737-YNGYW,1,1,0.8436328617954636
5619-XZZKR,0,0,0.21438366342977141
6047-YHPVI,1,1,0.8479578667050209
8375-DKEBR,1,1,0.8784913478122267
7729-XBTWX,0,0,0.010848096294289587
4983-CLMLV,0,1,0.5857389905075497
9227-LUNBG,1,1,0.7756982705521578
2758-RNWXS,0,0,0.4205157114825186
7055-HNEOJ,0,1,0.5614719608963012
7134-MJPDY,0,0,0.40141543207876546
4560-WQAQW,0,0,0.07148371872620234
8532-UEFWH,0,0,0.018396006426676992
8541-QVFKM,0,1,0.867246650525132
7129-ACFOG,0,1,0.6774267173134565
2495-INZWQ,1,1,0.8760883193141902
0263-FJTQO,0,0,0.053114293684748536
0181-RITDD,0,0,0.08352803459908609
8241-JUIQO,0,0,0.02232855765132717
0913-XWSCN,0,0,0.4558505209162527
2159-TURXX,0,0,0.33943624839424225
6461-PPAXN,0,0,0.0927732578780266
1452-KIOVK,0,1,0.7189621109105788
1139-WUOAH,0,0,0.07880561328754192
3207-OYBWH,1,1,0.5974953275550516
8347-GDTMP,0,0,0.009675287284957954
9909-DFRJA,0,0,0.3579451073267003
6383-ZTSIW,0,0,0.3761099001394266
5438-QMDDL,0,1,0.5449289073325724
8914-RBTSB,1,1,0.7345153964994297
6164-HXUGH,0,0,0.2904799540574865
6900-RBKER,0,0,0.27374042339448684
1492-QGCLU,0,0,0.2509930790454518
6664-FPDAC,1,1,0.5240030508675385
1088-AUUZZ,0,0,0.0414338786885902
6651-AZVTJ,1,1,0.7422737932587703
8219-VYBVI,0,0,0.031036744718735042
0310-MVLET,1,1,0.6472664382033306
7233-IOQNP,0,0,0.17259859011198725
7311-MQJCH,0,0,0.2662445030578249
9256-JTBNZ,0,0,0.2782413916956548
8713-IGZSO,0,0,0.4407726167367112
6821-BUXUX,1,1,0.7906440762856385
9114-DPSIA,0,0,0.0186714827847972
4501-UYKBC,0,0,0.21901517452580285
2798-NYLMZ,0,0,0.14865772389246606
6711-VTNRE,1,1,0.669481052299376
5966-EMAZU,0,0,0.3065948788806434
3627-FHKBK,1,1,0.6684900628199176
7861-UVUFT,1,1,0.8351728764930745
9824-QCJPK,0,0,0.06558266948186653
7816-VGHTO,0,0,0.17688632735047255
3794-NFNCH,0,0,0.41040584993065465
3877-JRJIP,1,1,0.8218502826561521
5228-EXCET,1,1,0.8463813317768994
6248-BSHKG,0,0,0.018884779530003133
8915-NNTRC,0,0,0.11381074213843678
3470-OBUET,0,0,0.0202295855577816
3229-USWAR,0,0,0.1913916523733909
1927-QEWMY,0,0,0.0069054288827434095
6374-AFWOX,0,0,0.029137019390412706
7912-SYRQT,1,1,0.8128927251648119
2070-FNEXE,1,1,0.6423068366636014
5803-NQJZO,0,0,0.022560683791327925
5651-YLPRD,0,1,0.6776582320662302
1271-UODNO,0,0,0.10147108268444828
5014-WUQMG,0,0,0.3209597941251534
5889-JTMUL,1,1,0.722480311916506
0788-DXBFY,0,0,0.041809972653385784
2669-QVCRG,0,0,0.49675368793605734
6630-UJZMY,0,1,0.9158734201471114
5061-PBXFW,0,0,0.12426623159705381
2700-LUEVA,0,0,0.3752833441648858
3865-ZFZIB,0,0,0.06673344511930579
0471-ARVMX,0,0,0.4883722597600584
8985-OOPOS,0,0,0.41295035702050686
0719-SYFRB,1,0,0.4498854991711653
0447-BEMNG,1,0,0.30815010653164493
5630-AHZIL,0,0,0.4532348223238634
2190-BCXEC,0,1,0.5400720594400528
1559-DTODC,0,1,0.6090664499795452
3244-DCJWY,1,1,0.8593353997498789
3967-VQOGC,0,0,0.013564911296231644
0265-PSUAE,0,1,0.6078922028922107
1622-HSHSF,0,0,0.46878849201538614
9867-XOBQA,0,0,0.09888016010607717
6773-LQTVT,0,0,0.458532210682267
4332-MUOEZ,0,0,0.31641070548658806
0023-XUOPT,1,1,0.8080900622537244
6543-CPZMK,1,1,0.7103494421433023
6418-HNFED,0,0,0.06148080308236077
1036-GUDCL,0,0,0.14297538309822871
4818-QIUFN,1,1,0.7718121441327236
0778-NELLA,1,1,0.7505514991138523
7495-OOKFY,1,1,0.8078667651586293
4737-HOBAX,0,0,0.06705599337845178
7919-ZODZZ,0,0,0.3700430184385882
2988-PLAHS,0,1,0.6595998386617037
9067-SQTNS,0,0,0.0364472748193689
6483-OATDN,0,0,0.4389881937313955
5469-CTCWN,1,0,0.3912805095961087
3524-WQDSG,0,1,0.6846306561234177
6968-URWQU,0,0,0.21880932749383983
8601-QACRS,1,1,0.6837960457683039
8690-UPCZI,0,0,0.13908307733065892
5331-RGMTT,0,1,0.713728603065701
1357-BIJKI,0,1,0.6055613246700469
2088-IEBAU,0,0,0.0763939560985126
0679-IDSTG,1,1,0.8549707650647108
6519-ZHPXP,0,0,0.0805439719910405
2101-RANCD,0,1,0.6063428473581092
4029-HPFVY,0,1,0.8070145855692805
1015-OWJKI,0,0,0.3969240796704958
8314-HTWVE,0,0,0.08565047163234883
5357-TZHPP,1,1,0.8648710645304251
8727-XDPUD,0,0,0.14323070711854216
9073-ZZIAY,0,0,0.03807478060706639
5181-OABFK,0,0,0.02797842263881845
3812-LRZIR,0,0,0.07021042363768566
5204-HMGYF,0,0,0.1024716162998789
9950-MTGYX,0,0,0.04847153707457348
3675-EQOZA,0,0,0.33617167758945554
3646-ITDGM,0,0,0.013196589815985864
3913-FCUUW,0,0,0.017769626292693182
